Name,Maths,English,Science,Total,Percentage,Grades
Ali,87,90,78,255,85.0,B
Sara,92,88,85,265,88.33333333333333,B
Hamza,76,70,80,226,75.33333333333333,C
Areeba,60,55,65,180,60.0,Fail
Tariq,95,98,92,285,95.0,A
